artist_raw,track_count,ignore
Amphibian Man,107,false
Lou Reed,72,false
The Rolling Stones,61,false
Angelo Badalamenti,56,false
The Wise Guyz,55,false
David Bowie,52,false
The Stranglers,52,false
Bohren & Der Club Of Gore,47,false
Marianne Faithfull,45,false
The Pretenders,44,false
Nick Cave & The Bad Seeds,39,false
The April Family,37,false
The Meteors,37,false
Leonard Cohen,33,false
Sanford Clark,33,false
coma.fm,32,true
Elvis Presley,31,false
The Mystification,31,false
Tom Waits,31,false
The Dead South,29,false
Devil Doll,28,false
Johnny Cash,27,false
Martin Cilia,27,false
The Hillbilly Moon Explosion,27,false
The Troubled,27,false
Zwyntar,27,false
Puddles Pity Party,26,false
Coma.fm,25,true
Dandies,25,false
Freeky Cleen,25,false
Robyn Adele Anderson,25,false
Scala & Kolacny Brothers,25,false
The Paris Sisters,25,false
The Secret Sisters,25,false
The Ventures,25,false
Your Inner God,25,false
Angelo Badalamenti & David Lynch,24,false
Komety,24,false
La Perra Blanco,24,false
Melanie,24,false
Raygun Cowboys,24,false
Number Nine,23,false
Tony Joe White,23,false
Ennio Morricone,22,false
Bones in the Walls,21,false
IVAN БлюZ І Dрузі,21,false
The Hypnotunez,21,false
Cal Tjader's Modern Mambo Quintet,20,false
Howard Rickard & The Pale Riders,20,false
Petula Clark,20,false
Reese McHenry,20,false
The Rutles,20,false
Gutter Demons,19,false
The Delines,19,false
The White Buffalo,19,false
Ukulena,19,false
Beth Lee,18,false
Chelsea Wolfe,18,false
Dale Watson,18,false
Joan Baez,18,false
Mad Heads,18,false
Outer Space,18,false
Pink Floyd,18,false
Queen,18,false
Shovels & Rope,18,false
Sweet Megg,18,false
Tami Neilson,18,false
Thee Scarecrows AKA,18,false
Zombie Ghost Train,18,false
Emily Scott Robinson,17,false
Micah P. Hinson,17,false
Serge Gainsbourg,17,false
The Desolate Coast,17,false
The Velvet Underground,17,false
Emma Ruth Rundle,16,false
Kalyn Fay,16,false
Ray Charles,16,false
RvB,16,false
Stereophonic Space Sound Unlimited,16,false
The Creepshow,16,false
The Pogues,16,false
Abigail Dowd,15,false
Bob Marley & The Wailers,15,false
Dillberriezz,15,false
Emanuela Hutter,15,false
Lee Moses,15,false
Lenka Filipova,15,false
Queen Esther,15,false
Sandy Denny,15,false
The Twilighters,15,false
Abbey Road Panpipe Ensemble,14,false
Didi Wray,14,false
Grant-Lee Phillips,14,false
Hot Dozzer,14,false
Jobi Riccio,14,false
Julee Cruise,14,false
Lauren O'Connell,14,false
Link Wray & His Ray Men,14,false
Marissa Nadler,14,false
Mr. Оч & His Root Boys,14,false
Pokey LaFarge,14,false
R.E.M.,14,false
Rhythm Sophie,14,false
Steep Canyon Rangers,14,false
The Cramps,14,false
The Quakes,14,false
Chrissie Hynde,13,false
Della Mae,13,false
Elton John,13,false
Imelda May,13,false
Kate Bush,13,false
King Kurt,13,false
Mackenzie Shivers,13,false
Megan Lacy,13,false
Morgan Myles,13,false
Simon & Garfunkel,13,false
The Carpenters,13,false
The Duo-Tones,13,false
The Surf Raiders,13,false
Waikiki Makaki,13,false
Annie Lennox,12,false
Blondie,12,false
Chuck Berry,12,false
Courtney Marie Andrews,12,false
Dick Dale,12,false
Donovan,12,false
Emily Nenni,12,false
Eva Cassidy,12,false
Freddie Mercury,12,false
India Ramey,12,false
Lonesome Spurs,12,false
Lubos Bena & Bonzo Radvanyi,12,false
Night Surf,12,false
Orville Peck,12,false
Pest Control,12,false
Postmodern Jukebox,12,false
Pérez Prado,12,false
Richard Cheese,12,false
Sinéad O'Connor,12,false
Smokin A,12,false
Space Psycho Tropic Plank-Tone,12,false
Suzanne Jarvie,12,false
The 69 Cats,12,false
The Beatles,12,false
The Tikiyaki Orchestra,12,false
Ane Brun,11,false
Cat Stevens,11,false
Familia Perkalaba,11,false
Holly Cole,11,false
Howlin' Wolf,11,false
Jack Costanzo,11,false
John Cale,11,false
John Lee Hooker,11,false
Konstantin Kolesnichenko Quartet,11,false
Langhorns,11,false
Lightnin Hopkins,11,false
The Lucky Devils,11,false
The McCharmlys,11,false
The Vrooming Crew avec Dolores,11,false
Tomato Juice,11,false
Wynonie Harris,11,false
РвБ,11,false
Angela Tini,10,false
Bella White,10,false
Brown Horse,10,false
Creedence Clearwater Revival,10,false
David Lynch - Angelo Badalamenti,10,false
Dominic Halpin,10,false
Dusty Springfield,10,false
Eric Clapton,10,false
Floyd Dixon,10,false
Gene Vincent,10,false
Haley Reinhart,10,false
Judy Collins,10,false
Karl-Heinz Kastel,10,false
Katie Pruitt,10,false
Kiki Cavazos,10,false
Kris Angelis,10,false
Los Kabanos,10,false
Marlowe Dies,10,false
Mick Beaulieu,10,false
Nick Cave And The Bad Seeds,10,false
Patti Smith,10,false
Peggy Lee,10,false
Peter Isaacson,10,false
Philip Doyle,10,false
Rae Spoon,10,false
Ryan Bingham & The Texas Gentlemen,10,false
Satan's Pilgrims,10,false
Shocking Blue,10,false
Straytones,10,false
The Andrew Oldham Orchestra,10,false
The Blues Nephews,10,false
The Jazztronauts,10,false
The Jimi Hendrix Experience,10,false
The Long Tall Texans,10,false
The Puppini Sisters,10,false
Timber Timbre,10,false
Townes Van Zandt,10,false
Twin Temple,10,false
Xavier Cugat & His Orchestra,10,false
Zukkor Zzov,10,false
Калич Блюз,10,false
American Aquarium,9,false
Big Bad Voodoo Daddy,9,false
Dolly Parton,9,false
Doyley & The Twanglords,9,false
Eurythmics,9,false
Gal Holiday and the Honky Tonk Revue,9,false
Godless Wicked Creeps,9,false
Grateful Dead,9,false
Jerry Lee Lewis,9,false
Jimi Hendrix,9,false
Julie London,9,false
Keenan McKenzie & the Riffers,9,false
Lee Rocker,9,false
Little Richard,9,false
Los Straitjackets,9,false
Marc Ribot,9,false
Margo Price,9,false
Michaela Anne,9,false
Mick Ronson,9,false
Mike Sanchez and His Band & Imelda May,9,false
Moon Mother,9,false
Rachael Kilgour,9,false
Rebel Son,9,false
Richie Havens,9,false
Roller One,9,false
Roy Orbison & The Royal Philharmonic Orchestra,9,false
Rude Jokes,9,false
Shakey Graves,9,false
Sonny Lester & His Orchestra,9,false
Talking Heads,9,false
The Flatfoot Shakers,9,false
The Grave Slaves,9,false
The Root Boys,9,false
The Stooges,9,false
16 Horsepower,8,false
Amanda Shires,8,false
Boom! Boom! Deluxe,8,false
Carter Sampson,8,false
Cass Elliot,8,false
Chet Baker,8,false
Chubby Checker,8,false
Donna Dunne & The Mystery Men,8,false
Emily Duff,8,false
Emma Swift,8,false
Es Feiv,8,false
Frankie and the Pool Boys,8,false
Gram Parsons,8,false
Harry Nilsson,8,false
Iggy Pop,8,false
Impala,8,false
JD McPherson,8,false
Karen Jonas,8,false
King Dude,8,false
Konstantin Kolesnichenko,8,false
Laura B & The Moonlighters,8,false
LaVern Baker,8,false
Led Zeppelin,8,false
Lew Phillips,8,false
Little Miss Higgins,8,false
Mano Negra,8,false
Meat Loaf,8,false
Mike Pedecin,8,false
Paul Anka,8,false
Rachel Baiman,8,false
Raimonds Pauls and Latvian Radio Big Band,8,false
Rosali,8,false
Samantha Fish,8,false
Screamin' Meemies,8,false
Stage Frite,8,false
Stein,8,false
Sugarpie And The Candymen,8,false
T. Rex,8,false
The Gagarins,8,false
The Guana Batz,8,false
The Handsome Family,8,false
Thee Flanders,8,false
Willie Nelson,8,false
Zoe FitzGerald Carter,8,false
Брати Гадюкiни,8,false
Allison Russell,7,false
"Bobby ""Blue"""" Bland""",7,false
Bohren & der Club of Gore,7,false
Brenda Lee,7,false
Cat Power,7,false
Dale Cooper Quartet & The Dictaphones,7,false
Del Shannon,7,false
Emmylou Harris,7,false
Enoch Light,7,false
Esther Rose,7,false
Freno de Pedales,7,false
Gabor Szabo,7,false
Grace Slick,7,false
Heather Little,7,false
Herbert Rehbein And His Orchestra,7,false
Ken Pomeroy,7,false
Kerry Pastine and the Crime Scene,7,false
Mad Marge,7,false
Meredith Moon,7,false
Mr. Hypno & His Lo-Fi,7,false
Nico and The Velvet Underground,7,false
Nouvelle Vague,7,false
Paul McCartney,7,false
Pokey LaFarge and the South City Three,7,false
Procol Harum,7,false
Roger Waters,7,false
Roy Orbison,7,false
Ryan Chrys & The Rough Cuts,7,false
Sasha Nabokova,7,false
Sid Bass and His Orchestra,7,false
Silas J. Dirge,7,false
The Atlantics,7,false
The ChuGuysters,7,false
The Clash,7,false
The Coffinshakers,7,false
The Double Happiness,7,false
The Hawkmen,7,false
The Montvales,7,false
The Rocket Dogz,7,false
Tip Jar,7,false
Vern Jules & The Aquanauts,7,false
Weather Report,7,false
Banditos,6,false
Bill Evans,6,false
Bonnie Raitt,6,false
Buddy Holly,6,false
Carl Perkins,6,false
Clare Teal,6,false
Danny B. Harvey & Annie Marie Lewis,6,false
Davina and The Vagabonds,6,false
Dini Kimmel,6,false
Dire Straits,6,false
EightBomb,6,false
Eilen Jewell,6,false
Fairport Convention,6,false
Flora Falls,6,false
Ghoultown,6,false
Glen Campbell,6,false
Greg Townson,6,false
INXS,6,false
Janis Joplin,6,false
Jillhouse,6,false
John Cale and Lou Reed,6,false
Kirsty McColl,6,false
Kristina Train,6,false
Linda Gail Lewis,6,false
Louis Jordan & His Tympany Five,6,false
Luther Dickinson and Sisters of the Strawberry Moon,6,false
Lynn Miles,6,false
Magnatech,6,false
Martin Denny,6,false
Mary Ann Hawkins,6,false
Mattie Schell,6,false
Maya de Vitry,6,false
Mel Bryant & the Mercy Makers,6,false
Miles Davis,6,false
Moussaka,6,false
Mr Skatkov,6,false
Muddy Waters,6,false
Nancy Sinatra,6,false
Nat King Cole,6,false
Nico,6,false
Oscar Peterson,6,false
P Paul Fenech,6,false
P. Paul Fenech,6,false
Paul Weston,6,false
Rafael Riqueni,6,false
REMEZ,6,false
Reverend Horton Heat,6,false
Sarah Jarosz,6,false
Screamin' Jay Hawkins,6,false
Screamin' Rebel Angels,6,false
Staccato,6,false
Steve T Hunter,6,false
Takeshi Terauchi & Blue Jeans,6,false
The Big Jamboree,6,false
The Brothers Four,6,false
The Epileptic Hillbillys,6,false
The Hello Darlins,6,false
The Neurotix,6,false
The Obscuritones,6,false
The Pastel Six,6,false
The Platters,6,false
The Sea-Jays,6,false
The Vrooming Crew avec Grandsart & Dolores,6,false
Tia Brazda,6,false
Tiwayo,6,false
Tony Joe White + Flying Mojito Bros,6,false
Tori Amos,6,false
Van Morrison,6,false
Vanessa Peters,6,false
Willie Dixon,6,false
Xavier Cugat,6,false
Брати Гадюкіни,6,false
Anna Tivel,5,false
Banditoz Band,5,false
Captain Beefheart,5,false
Chilli & The Baracudas,5,false
Cocteau Twins,5,false
Crys Matthews,5,false
Crystal & Runnin' Wild,5,false
Dave Alvin,5,false
Derek & The Dominos,5,false
Eddie Cochran,5,false
Eric Kay and the Surfaronies,5,false
Federale,5,false
Ferrante & Teicher,5,false
Gillian Welch,5,false
Gram Parsons and The Flying Burrito Bros,5,false
Grave Slaves,5,false
Grey Delisle,5,false
Half Deaf Clatch,5,false
Hellbilly Club,5,false
Herb Alpert and the Tijuana Brass,5,false
Iris Williams,5,false
Juan Garcia Esquivel,5,false
Juice Newton,5,false
Kacey Musgraves,5,false
Kate Ellis,5,false
Kaydash,5,false
Kenyon Hopkins,5,false
Lara Hope & the Ark-Tones,5,false
Lazer Gun Saloon,5,false
Leo Addeo and His Orchestra,5,false
Link Wray,5,false
Little Kahuna,5,false
Los Reverb,5,false
Madeleine Peyroux,5,false
Mamas and The Papas,5,false
Mary-Elaine Jenkins,5,false
MonaLisa Twins,5,false
Morphine,5,false
Nasty Boogie,5,false
Natascha & The Spy Boys,5,false
Neil Diamond,5,false
Nick Cave,5,false
Nick Cave And Warren Ellis,5,false
Now That's What I Call Surf,5,false
Paul Ansell's Number Nine,5,false
Poison Bar,5,false
Robert Johnson,5,false
Ruth Brown,5,false
Sam Cooke,5,false
Samantha Clemons,5,false
Skeeter Davis,5,false
Strawfoot,5,false
Sturgill Simpson,5,false
The Boomerangs,5,false
The Byrds,5,false
The Doors,5,false
The Greystone Collective,5,false
The Hang Ten Gallon Hats,5,false
The Reverend Horton Heat,5,false
The Routes,5,false
The Sharks,5,false
The Vicissitones,5,false
Tranes,5,false
Vanessa Paradis,5,false
Vilma Flood,5,false
Vince Eager,5,false
X Ray Cat Trio,5,false
ZWYNTAR,5,false
Alcohol Ukulele,4,false
Alison Krauss,4,false
Alpha Rhythm Kings,4,false
Angela Easterling,4,false
Arno De Cea And The Clockwork Wizards,4,false
B. B. King,4,false
B.B. King,4,false
Barbara Lynn,4,false
Barry Adamson,4,false
Bettye LaVette,4,false
Bobby Darin,4,false
Buddy Guy,4,false
Charlie Parker,4,false
Chet Atkins,4,false
Chris Rea,4,false
Cindi Lou & The Red Hot Royals,4,false
Clockwork Psycho,4,false
Colin Paul,4,false
Cosy Oleksa,4,false
Cristina Vane,4,false
Donna Dunne,4,false
Duke Ellington,4,false
Edward Hartline,4,false
Egotones,4,false
Ella Fitzgerald,4,false
Ella Fitzgerald & Chick Webb,4,false
Emily Love,4,false
Etta James,4,false
Eugene & The Sampletones!,4,false
Eva Eastwood,4,false
Frank Zappa,4,false
Georgia Harmer,4,false
Grace Slick & The Great Society,4,false
Hannah White,4,false
Harry Jordan,4,false
Humanga Danga,4,false
Hurray For The Riff Raff,4,false
Jane Rose & The Deadend Boys,4,false
Jim And The Sea Dragons,4,false
John Moreland,4,false
Judy Henske,4,false
Kassi Valazza,4,false
Kate Fenner,4,false
Kelsey Waldon,4,false
Kerry Pastine and The Crime Scene,4,false
Kim Richey,4,false
Klingonz,4,false
Lara Luppi & The Vintage Kings,4,false
Leon Redbone,4,false
Lera Lynn,4,false
Les Baxter And His Orchestra,4,false
Linda Scott,4,false
Little Lesley & The Bloodshots,4,false
Lorrie Morgan,4,false
Los Bitchos,4,false
Los Coronas,4,false
Lunatics,4,false
Lydia Loveless,4,false
Lydia Lunch & Rowland S. Howard,4,false
Madi Diaz,4,false
Maggie Baugh,4,false
Margo Guryan,4,false
Marianne Faithful,4,false
Matt Monro,4,false
Mick Harvey,4,false
Mo7s,4,false
Molly Tuttle,4,false
Mott The Hoople,4,false
Natalie Merchant,4,false
NEKROMANTIX,4,false
Nick Curran & The Lowlifes,4,false
Nikki Lane,4,false
Paul Walker & Karen Pfeiffer,4,false
Pepita Slappers,4,false
Ray Collins' Hot Club,4,false
Ray Davies,4,false
Ricky Nelson,4,false
Robert Plant,4,false
Roseanne Reid,4,false
Sam C. Jones,4,false
Sant Anna Bay Coconuts,4,false
Sheryl Crow,4,false
Shirley Bassey,4,false
Short Stack and Sides,4,false
Shorty's Swingin Coconuts,4,false
Sierra Ferrell,4,false
Sierra Hull,4,false
Skaldowie,4,false
Stanley Black and his Orchestra and Chorus,4,false
Stray Cats,4,false
Suzanne Vega,4,false
Tanque Rudy,4,false
Taylor & Leigh,4,false
The Animals,4,false
The CheekyBenders,4,false
The Hillbilly Kings,4,false
The J Ann C Trio,4,false
The Keeymen,4,false
The Kilimanjaro Darkjazz Ensemble,4,false
The Kinks,4,false
The Koffin Rockers,4,false
The Lively Ones,4,false
The Lostines,4,false
The Madeira,4,false
The New York Dolls,4,false
The Side Burns,4,false
The Space Cossacks,4,false
The Stray Cats,4,false
The Supertones,4,false
The Surfaris,4,false
The Surfrajettes,4,false
The Tea Ship,4,false
The Tornadoes,4,false
The Traveling Wilburys,4,false
The Troggs,4,false
The Wallflowers,4,false
The Wild Feathers,4,false
Ukulena and Her Smitten Kittens,4,false
Union Avenue,4,false
UV and the Rays,4,false
Whiskey Daredevils,4,false
William J. Le Petomane,4,false
William T. & The Black 50's,4,false
Wovenhand,4,false
"Zoe Schwarz Blue Commotion, Rob Koral, Pete Whittaker, Paul Robinson",4,false
Віка Врадій,4,false
12AX7,3,false
49 Winchester,3,false
Alex North,3,false
Alvino Rey His Guitars & Orchestra,3,false
Amos Milburn,3,false
Amy Annelle,3,false
Anna Elizabeth Laube,3,false
Anna Graves,3,false
Aoife O'Donovan,3,false
Batmobile,3,false
Big Mama Thornton,3,false
Black Vista,3,false
Bobby Day,3,false
Boogie Dance,3,false
Brian Setzer,3,false
Broadcast,3,false
Bryan Ferry and His Orchestra,3,false
Bullit,3,false
Charlie Halloran and The Tropicales,3,false
Chilli & the Baracudas,3,false
Chrissie Hynde & The Valve Bone Woe Ensemble,3,false
Cilla Black,3,false
Cindy Lauper,3,false
Connie Francis,3,false
Cowabunghouls,3,false
Cowboy Junkies,3,false
Cyndi Lauper,3,false
Dark Jazz Cafe Assembly,3,false
David Byrne feat. Ghost Train Orchestra,3,false
Davie Allan & The Arrows,3,false
Deadite,3,false
Dean Martin,3,false
Dick Dale & The Del-Tones,3,false
Dion,3,false
Doris Day,3,false
Drive-By Truckers,3,false
Edwardian Devils,3,false
Ennio Morricone & Lisa Gastoni,3,false
Everglades Rhythm,3,false
Firebirds,3,false
Francis Cabrel,3,false
Frank Sinatra,3,false
Full Load of King,3,false
Genki Genki Panic,3,false
Gordon Lightfoot,3,false
GracieHorse,3,false
Harry Nilsson and John Lennon,3,false
Hattori Hanzo Surf Experience,3,false
Hilde Vos,3,false
Hillbilly Hellcats,3,false
Holly Cole Trio,3,false
Hot Sugar Band,3,false
I. Jeziak and The Surfers,3,false
Isobel Campbell & Mark Lanegan,3,false
Jack Rabbit Slim,3,false
Jackie Gleason,3,false
Jaco Pastorius,3,false
Jaime Wyatt,3,false
Jana Mila,3,false
Jason Isbell and the 400 Unit,3,false
Jefferson Airplane,3,false
Jenny Don't and the Spurs,3,false
Johnny Jewel,3,false
Jonathan Stout and his Campus Five,3,false
Jonathan Stout and his Campus Five & Hilary Alexander,3,false
Jonny Barber & The Rhythm Razors,3,false
Keenan McKenzie,3,false
Les Baxter,3,false
Les Panches Surfers,3,false
Les Robots,3,false
Liv Greene,3,false
Liz Stringer,3,false
Loreena McKennitt,3,false
Los Blonder,3,false
Los Coronas & Arizona Baby,3,false
Louis Armstrong,3,false
Louis Prima & Keely Smith & Sam Butera & The Witnesses,3,false
Mac Cornish,3,false
Mad Marge And The Stonecutters,3,false
Mark Malibu & the Wasagas,3,false
Martha Fields,3,false
Mavis Staples,3,false
MC5,3,false
Milva,3,false
Miss Mary Ann & The Ragtime Wranglers,3,false
Naomi & Her Handsome Devils,3,false
Nena,3,false
Nick Curran & The Nightlifes,3,false
Octopus King,3,false
Otis Clay,3,false
Pat Boone,3,false
Peggy Lipton,3,false
Percy Sledge,3,false
Phill Reynolds,3,false
Preservation Hall Jazz Band,3,false
Prince,3,false
Ral Donner,3,false
Ray Anthony,3,false
Rhythms del Mundo,3,false
Richard Inman,3,false
Rising Appalachia,3,false
Rob Heron & The Tea Pad Orchestra,3,false
Robert Gordon,3,false
Royal Crown Revue,3,false
Running From Daylight,3,false
Sara Gee & Ramblin Matt feat. Soni Artal,3,false
Sara Watkins,3,false
Sharon Van Etten,3,false
Susan Cattaneo,3,false
Switchblade,3,false
Sys Malakian,3,false
TarantinosNYC,3,false
The Bambi Molesters,3,false
The Baseballs,3,false
The Beach Boys,3,false
The Chantays,3,false
The Charades,3,false
The Clovers,3,false
The Coasters,3,false
The Devil's Daughters,3,false
The Dice Cubes,3,false
The Drifters,3,false
The Felice Brothers,3,false
The Fuzillis,3,false
The Jack O' Bones,3,false
The Jive Aces,3,false
The Kilaueas,3,false
The Krayolas,3,false
The Krontjong Devils,3,false
The Marvelettes,3,false
The Memphis Suns,3,false
The Minestompers,3,false
The Primer Kings,3,false
THE PUSSYCATS,3,false
The Ramblin Bandits,3,false
The Seekers,3,false
The Sonoras,3,false
The Spotnicks,3,false
The Strays,3,false
The Surf Rats,3,false
The Tremolo Beer Gut,3,false
The Venus In Furs,3,false
The Who,3,false
The Тяга,3,false
Tom Toxic & Die Holstein Rockets,3,false
Tom Verlaine,3,false
Twisted Rod,3,false
Vulvette,3,false
Wanton,3,false
Wayne Jayne County,3,false
WJLP,3,false
Zombie Jamboree,3,false
Макс Параграф,3,false
Мандри,3,false
Олександр Ремез,3,false
A Pony Named Olga,2,false
Alan Jackson,2,false
Albert Ginés,2,false
Albert Ginés y sus Oceánicos,2,false
Alessandro Alessandroni,2,false
Allison Moorer,2,false
Amanda Palmer,2,false
Andrew Hale,2,false
Angela Hoodoo,2,false
Angela Strehli,2,false
Ann-Margret,2,false
Anna Dukke,2,false
Anne Murray,2,false
Arlo Mckinley,2,false
Arms Grace,2,false
Art Garfunkel,2,false
Avery West ft. Boogie Fleetwood Jr.,2,false
Backstrom,2,false
Badfinger,2,false
Bang Bang Band Girl,2,false
Becky Buller,2,false
Bernie Barlow,2,false
Big Sandy & His Fly-Rite Boys,2,false
Billie Holiday,2,false
Billy Valentine & The Forest Rangers,2,false
BJ Baartmans & Wild Verband,2,false
Black Cat Bone,2,false
Bloodest Saxophone,2,false
Bob Dylan,2,false
Bombat Belus,2,false
Bones In The Walls,2,false
Bonnie Tyler,2,false
Brea Robertson,2,false
Brennen Leigh,2,false
Bruce Springsteen,2,false
Bryan Ferry,2,false
Bud Shank,2,false
Buddy Morrow,2,false
Bunny Paul,2,false
Carlos & the Bandidos,2,false
Carlos And The Bandidos,2,false
Carole King,2,false
Caroline Spence,2,false
Charlie Sundown,2,false
Chip Taylor & The New Ukrainians,2,false
Chris Casello,2,false
Chromatics,2,false
Chrome Castle,2,false
Codex Nihilim,2,false
Coleman Hawkins & Ben Webster,2,false
Cop Shop,2,false
Count Basie Orchestra,2,false
Country Joe McDonald,2,false
Cuby & Blizzards,2,false
Daisy June & the Loose,2,false
DangerForce 5,2,false
Daphne Parker Powell,2,false
Dave Edmunds,2,false
Dave Vamfer,2,false
David Rodriguez and the Rhythm Chiefs,2,false
Dean Owens,2,false
Dee Dee Sharp,2,false
Deluxe Blues Band,2,false
Di Maggio Brothers,2,false
Diana Krall,2,false
Dinah Washington & Quincy Jones,2,false
Dion And The Belmonts,2,false
Dizzy Gillespie,2,false
Doc & The Mads,2,false
Dom Mariani & The Majestic Kelp,2,false
Don Ray,2,false
Doomachine Orchestra,2,false
Drakulina,2,false
Drossabilly Buzz,2,false
Duane Eddy,2,false
Duke Ellington & John Coltrane,2,false
Eddie Holman,2,false
Eddie Vedder,2,false
El Borko,2,false
El Castillo,2,false
El Pistolero`s,2,false
El Ray,2,false
Elmer Bernstein,2,false
Elvis Perkins,2,false
Enric Peidro,2,false
Esquivel & His Orchestra,2,false
Evelyn Cornell,2,false
Evil Elvis,2,false
Fats Domino,2,false
Five Boroughs,2,false
Franco Tonani,2,false
Freno De Pedales,2,false
Furious Nakamura,2,false
Gentlemen & Gangsters,2,false
Girly and The Blue Caps,2,false
Gladys Knight & The Pips,2,false
Glasgow Tiki Shakers,2,false
Glenn Crytzer and His Quartet,2,false
God Of Surf,2,false
Grace Cummings,2,false
Graham Nash,2,false
Guitar UP!,2,false
Harold Melvin & The Blue Notes,2,false
Harry Chapin,2,false
Harry Katz & The Pistachios,2,false
Heather Newman,2,false
Heatwaves & Freddie Dilevi,2,false
HEFT,2,false
Henry Mancini,2,false
Honeyboy Slim & The Bad Habits,2,false
Hot Midnight Combo,2,false
Hot Sugar Band & Nicolle Rochelle,2,false
Hugo Montenegro,2,false
Hula Ghost,2,false
Iain Matthews & the Salmon Smokers,2,false
Ike & Tina Turner,2,false
Imperial Swing Orchestra,2,false
Inge Augustina,2,false
Insect Surfers,2,false
Ivan БлюZ and Dрузі,2,false
I’m With Her,2,false
Jack Marshall,2,false
Jay & The Americans,2,false
Jay Poisön and the Bat People,2,false
Jeffrey Bützer,2,false
Jeffrey Silverstein,2,false
Jim Steinman,2,false
Jimmy Buffett,2,false
Joan Osborne,2,false
Joan Shelley,2,false
Joe Jackson,2,false
John Coltrane,2,false
John Lee Sanders,2,false
John Lennon,2,false
John Prine,2,false
Johnny Mathis,2,false
Judy Garland,2,false
Kelompok Pasir Hitam,2,false
Ketty Lester,2,false
Kim Lenz,2,false
Kim Lenz & Her Jaguars,2,false
King Beez,2,false
King Crimson,2,false
King Curtis,2,false
King Ghidora,2,false
Kora,2,false
La Vergne Smith,2,false
Las Mucuras,2,false
Last Call at Nightowls,2,false
Lesiman,2,false
Lewis Burner,2,false
Liberace,2,false
Lilly Hiatt,2,false
Liz Simmons,2,false
Longboard Cruise Control,2,false
Los Seisiete,2,false
Los Surfer Compadres,2,false
Louis Armstrong & Ella Fitzgerald,2,false
Louis Jordan,2,false
Louisa Stancioff,2,false
Lucky Bar,2,false
Lulu,2,false
Lydia Lunch,2,false
Lynyrd Skynyrd,2,false
Macelleria Mobile di Mezzanotte,2,false
Mad Sin,2,false
Man or Astro-Man,2,false
Manet,2,false
Manos Wild,2,false
Manu Chao,2,false
Many Mountains,2,false
Margie Joseph,2,false
Marissa Nadler and Milky Burgess,2,false
Mark Lanegan,2,false
Mark Lanegan And The Soulsavers,2,false
Marlene Dietrich,2,false
Marty Cooper Clan,2,false
Mary Chapin Carpenter,2,false
Mary Hopkin,2,false
Matchbox,2,false
Matthews Southern Comfort,2,false
Max Paragraph,2,false
Melissa Carper,2,false
Micah P. Hinson and The Gospel of Progress,2,false
Michael Stipe,2,false
Mike Brookfield,2,false
Millie Jackson,2,false
Miranda Lambert,2,false
Miss Kiddy and the Cads,2,false
Molliemusicable,2,false
Molly Starlite & the Sputniks,2,false
Molly Tuttle & Crooked Tree,2,false
Molly Tuttle & Golden Highway,2,false
Monica Taylor,2,false
Morgan Wade & OurVinyl,2,false
Mr.Black & The 5000 Cadillacs,2,false
Mudslide Charley,2,false
Mutilators,2,false
Naomi Bedford and Paul Simmonds,2,false
Neil Young,2,false
Neko Case,2,false
Nekromantix,2,false
Nick Curran & The Nitelifes,2,false
Nick Drake,2,false
Nick Lemon Band,2,false
Nick Waterhouse,2,false
Nikki Parrott,2,false
Nina Hagen,2,false
Norm & Jean,2,false
Old Wood Tatter,2,false
Otis Redding,2,false
Panty Tsunami,2,false
Patsy Cline,2,false
Paul Mauriat,2,false
Paul Weller,2,false
Perla Batalla,2,false
Peter & the Wolves,2,false
Peter Green,2,false
"Peter, Paul and Mary",2,false
Phil Gammage,2,false
Playboys,2,false
Polecats,2,false
PowerSolo,2,false
Public Image Limited,2,false
Ralph Font & His Orchestra,2,false
Ramones,2,false
Rebekah Del Rio,2,false
Rezurex,2,false
Rick Nelson,2,false
Riley Downing,2,false
Rio and the Rockabilly Revival,2,false
Robert Cray,2,false
Robert Plant and Allison Krauss,2,false
Robotron,2,false
Rock'N'Hall,2,false
Rollin' Coffin,2,false
Roomful Of Blues,2,false
Roxy Music,2,false
Rufus Wainwright,2,false
Sam & Dave,2,false
"Samantha Fish, Jesse Dayton",2,false
Sammy Kershaw,2,false
Sarah Brightman,2,false
Say Sue Me,2,false
Say Sue Me 세이수미,2,false
Screamin' Sins,2,false
Season Of Nightmares,2,false
Sgt Fury,2,false
Shakin Guts,2,false
Shakin' Guts,2,false
Sharlet Crooks,2,false
Shaye Zadravec,2,false
Shelby Lynne & Allison Moorer,2,false
Sheverb,2,false
Shovels and Rope,2,false
Shudder To Think,2,false
Silvano Chimenti,2,false
Simon and Garfunkel,2,false
Sofia Talvik,2,false
Solomon Burke,2,false
Sonny & Cher,2,false
Spud Sims & the Beltways,2,false
Stan Getz,2,false
Steve Harley & Cockney Rebel,2,false
Strait Jacket,2,false
Strawberry Alarm Clock,2,false
Sue Moreno & Jack Rabbit Slim,2,false
Surfer Joe,2,false
Susanna Hoffs,2,false
Sven Wunder,2,false
T-Bird Gang,2,false
T-Bone Walker,2,false
Take Vibe,2,false
Tangentg,2,false
Teddy Pendergrass,2,false
Television,2,false
Thalia Zedek Band,2,false
The Andrews Sisters,2,false
The Aqua Barons,2,false
The Astronauts,2,false
The Bel-Airs,2,false
The Big Marteen's,2,false
The Blue Flagships,2,false
The Boomtown Rats,2,false
The Bradipos IV,2,false
The Brains,2,false
The Caravans,2,false
The Cheapoes,2,false
The Cholla,2,false
The Coffin Daggers,2,false
The Courettes,2,false
The Cranberries,2,false
The Dead Brothers,2,false
The Dells,2,false
The Di Maggio Connection,2,false
The Easybeats,2,false
The Everly Brothers,2,false
The Flower Pot Men,2,false
The Frantic Flintstones,2,false
The Go Getters,2,false
The Head Henchmen,2,false
The Hot Wheels,2,false
The Impressions,2,false
The Inquisitors,2,false
The Isley Brothers,2,false
The Isotopes,2,false
The Jagaloons,2,false
The Jaydees,2,false
The Judy Chops,2,false
The Klingonz,2,false
the Lake Devils,2,false
The Legendary Raw Deal,2,false
The Manhattans,2,false
The Minarets,2,false
The Monkees,2,false
The Mystery Men?,2,false
The Omega Men,2,false
The Pretty Things,2,false
the Reefriders,2,false
The Sara Gee & Ramblin Matt Band,2,false
The Screaming Seagulls,2,false
The Silver Dimes,2,false
The Silvertones,2,false
The Smithereens,2,false
The Sonics,2,false
The Space Age Travellers,2,false
The Space Lady,2,false
The Speakeasies' Swing Band!,2,false
The Surfin Burritos,2,false
The Thirsty Crows,2,false
The Tourists,2,false
The Tourmaliners With Kela Sako,2,false
The Turtles,2,false
The Two Step Goodbyes,2,false
The Wild Heart Revival,2,false
Them Pulp Criminals,2,false
Thought Gang & David Lynch & Angelo Badalamenti,2,false
Tobacco City,2,false
Tommy James & The Shondells,2,false
Top Of The Pops,2,false
Toxic Riders,2,false
Trabants,2,false
Tumbledown House,2,false
UB40,2,false
Wally Lewis,2,false
Warren Barker,2,false
Waveshard,2,false
Wendy's Tube,2,false
White Sands,2,false
Whitney Rose,2,false
Willie And The Poor Boys,2,false
Wiped Out,2,false
Wylde Ratttz,2,false
Zerox,2,false
Мария Бурмака,2,false
Марія Бурмака,2,false
Обмен веществ,2,false
Шановнi Пiшоходи,2,false
12 Step Rebels,1,false
A Complicated Man,1,false
A.A. Williams,1,false
Abbey Lincoln,1,false
Achtung Spitfire,1,false
Adam & Amy Pope,1,false
Adam Ben Ezra,1,false
Adam Green,1,false
Admiral Bailey,1,false
Adrian Belew,1,false
Agent Octopus,1,false
Ainda,1,false
Aisha Khan & Friends,1,false
AKIM,1,false
AL DUNCAN,1,false
Al Green,1,false
Al Jarreau,1,false
Al Martino,1,false
Alain Caron,1,false
Alan Mason,1,false
Albert King,1,false
Alberta Hunter,1,false
Alela Diane,1,false
Alex Chilton,1,false
Alison Mosshart & The Forest Rangers,1,false
Alpha Rhythm Kings & Tammi Savoy,1,false
Alphabets,1,false
Amanda Lear,1,false
Amberlin Jazz Orchestra,1,false
Amedeo Tommasi,1,false
America,1,false
Amy Macdonald,1,false
Ancient Talking,1,false
Andras und Ilona,1,false
Andrew Bird & Lucius,1,false
Andrew Bird & Preservation Hall Jazz Band,1,false
André Charlier & Daniel Diaz,1,false
Andy Shauf,1,false
Andy Williams,1,false
Angelo Badalamenti & Grady Tate,1,false
Angie McMahon,1,false
Anita Baker,1,false
Ann Savoy,1,false
Anna Lavigne,1,false
Annie Elie,1,false
Annie Haslam,1,false
Annie Lennox & David Bowie,1,false
Annie Marie Lewis & Danny B. Harvey,1,false
Annie Marie Lewis w_ Danny B. Harvey,1,false
Antonio Carlos Jobim,1,false
Antonio Riccardo Luciani,1,false
Aphrodite's Child,1,false
Apostrophe,1,false
Arawak,1,false
Aretha Franklin,1,false
Armando Sciascia,1,false
Arno De Cea,1,false
Arno De Cea And The Clockwork Wizzards,1,false
Art Tatum,1,false
Aselin Debison,1,false
Atomic Surfonic,1,false
Au Revoir Simone,1,false
Audra Mae & The Forest Rangers,1,false
Austin Leonard Jones,1,false
Autumn Brown Blasingame,1,false
Aux Meadows,1,false
Avalon Jazz Band,1,false
Back To Earth,1,false
Bad Angels,1,false
Bad Detectives,1,false
Badﬁnger,1,false
Banderas Blues Band,1,false
Baptiste Trotignon & Melody Gardot & Miossec,1,false
Barbara Casini Quartet,1,false
Barbara Lewis,1,false
Barbara Mason,1,false
Barbra Streisand,1,false
Bardcore,1,false
Barrence Whitfield,1,false
Battleme,1,false
Beach Bomb,1,false
BEACH MOONSTERS,1,false
Bebopovsky,1,false
BEMIII,1,false
Ben Arsenault,1,false
Ben Becker,1,false
Benny Golson,1,false
Bernard Herrmann,1,false
Bernie Barlow (feat. Philip Sayce),1,false
Bessie Smith,1,false
Beth Hart,1,false
Beth Nielsen Chapman,1,false
Bette Midler,1,false
Betty Wright,1,false
Bettye Lavette,1,false
Bettye Swann,1,false
Beware Of Blast,1,false
Big Bill Broonzy,1,false
Big Daddy Wilson,1,false
Big Daddy Wilson & the Goosebumps Bros.,1,false
Big Fancy & The Shiddy Cowboys,1,false
Big Joe & The Dynaflows,1,false
Bill Haley & His Comets,1,false
Bill Haley & The Saddlemen,1,false
Billy Eckstine,1,false
Billy Eckstine with And Count Basie Orchestra,1,false
Billy Lynn,1,false
Billy May And His Orchestra,1,false
Billy Paul,1,false
Biréli Lagrène,1,false
Bishop Briggs,1,false
Bjork,1,false
Black Lodge,1,false
Black Valley Moon,1,false
Black Widows,1,false
Blackmore's Night,1,false
"Blake Mills, Katey Sagal & The Forest Rangers",1,false
Blossom Dearie,1,false
Blue Magic,1,false
Blueground Undergrass,1,false
Bluesniks,1,false
Bo,1,false
Bob Marley And The Wailers,1,false
Bob Sneider & Joe Locke,1,false
Bobby Bluff,1,false
Bobby Jaspar & Tommy Flanagan & Elvin Jones & Eddie Costa & Barry Galbraith & Milt Hinton & Osie Johnson,1,false
Bobby Russell,1,false
Bobby Short,1,false
Bobby Troup,1,false
Boilermaker Jazz Band,1,false
"Bonnie ""Prince"""" Billy""",1,false
Bonnie & The Treasures,1,false
Bonnie Dobson,1,false
Bonnie Prince Billy & Matt Sweeney,1,false
Bonze,1,false
Bonzo Dog Doo Dah Band,1,false
Boogie Company,1,false
Booka Brass Band Feat. Orla Gartland,1,false
Booker T. & The Mg's,1,false
Booker T. & The MG's,1,false
Boozehounds,1,false
Boppin B,1,false
Boppin' B,1,false
Boppin' Kids,1,false
Bowbridge Band,1,false
Boz Boorer,1,false
Boz Scaggs,1,false
Braden Foulkes,1,false
Brazzaville,1,false
Breakaways,1,false
Brenda Cochrane,1,false
Brenda Holloway,1,false
Brenda Janz,1,false
Brenna MacMillan,1,false
Brennan Wedl & Waxahatchee,1,false
Brent J. Cooper,1,false
Brian Eno,1,false
Brian Ferry,1,false
Brian Reitzell,1,false
Brigitte Handley,1,false
Broken Paths,1,false
Brook Benton,1,false
Bruce Lash,1,false
Bruno Nicolai,1,false
BRUUT!,1,false
Bryan Beller,1,false
Buck Jones & Rhythm Riders,1,false
Buddy Guy & Junior Wells,1,false
Buddy Holly & The Crickets,1,false
Buddy Holly & The Picks,1,false
Buddy Tate & Milt Buckner,1,false
Buena Vista Social Club,1,false
Buffalo Highlites,1,false
Buffy Sainte-Marie,1,false
Buzz Clifford,1,false
Byram Brothers,1,false
Byron Lee and the Dragonaires,1,false
Byron Lee And The Dragonaires,1,false
Bānhūs,1,false
Cadcatz Sun Quartet,1,false
Cadillac Hitmen,1,false
Caitlin Canty,1,false
Caleb Klauder & Reeb Willms,1,false
Californians,1,false
Candle & Kevin Coons,1,false
Candy Says,1,false
Captain Beefheart & His Magic Band,1,false
Captain Milk (Edwin Hubbard),1,false
Carla Borghetti,1,false
Carlo Savina And His Orchestra,1,false
Carlos & The Bandidos,1,false
Carnival Nevermore,1,false
Carol Markstrom,1,false
Caroline Doctorow,1,false
Carolyn Wonderland,1,false
Carpenters,1,false
Carter Burwell,1,false
Casa Ukrania,1,false
Casey Abrams,1,false
Casey MacGill & the Spirits of Rhythm,1,false
Cash O'riley & the Downright Daddies,1,false
Cass McCombs,1,false
Cassandra Wilson,1,false
Cat Power & Karen Elson,1,false
Catherine Grenier,1,false
Catherine Ringer & Gotan Project,1,false
Catherine Russell,1,false
Cats and Dinosaurs,1,false
Cazale,1,false
Celtic Spirit,1,false
Chaco,1,false
Chad Nelson,1,false
Chairmen Of The Board,1,false
Champian Fulton Trio,1,false
Change of Key,1,false
Charles River Valley Boys,1,false
"Charlie Byrd, Orchestra and Chorus",1,false
Charlie Halloran,1,false
Charlie Hunter Quartet,1,false
Charlie Parker & Chet Baker,1,false
Charlie Rich,1,false
Cheap Violent Cats,1,false
Cher,1,false
Cherry Poppin' Daddies,1,false
Cheryl Thompson,1,false
Chet Nichols,1,false
Chicago,1,false
Chick Corea,1,false
Chip Whitson,1,false
Chris Aron & The Croakers,1,false
Chris Bergson,1,false
Chris Coco feat. Nick Cave,1,false
Chris Connor,1,false
Chris Daniels & The Kings,1,false
Chris Farlowe,1,false
Chris Hillman,1,false
Chris Isaak,1,false
"Chris Isaak, Erik Jacobsen",1,false
Chris Randall,1,false
Chris Standring,1,false
Chris Young,1,false
Chrissie Hynde & Jimmy Cliff,1,false
Christine Clifford,1,false
Chrysta Bell,1,false
Chuy & The Bobcats,1,false
Cicada Rhythm,1,false
Cicci Santucci & Enzo Scoppa,1,false
Cinder Well,1,false
Clarence Carter,1,false
Clark Terry Sextet & Ben Webster,1,false
Classic Orchestra,1,false
Claudia Brücken & The Real Tuesday Weld,1,false
Claudia Thompson,1,false
Claudine Longet,1,false
Claudio Tallino,1,false
Clayton Ryan & The Singing Mountain,1,false
Cliff Jetson and His Mirage Men,1,false
Cockney Rebel,1,false
Coconut Kings,1,false
CocoRosie,1,false
Cody Cooke and the Bayou Outlaws,1,false
Coeur de Pirate,1,false
Coleman Hawkins,1,false
Coleman Hawkins And His All+Stars,1,false
Colette Bone,1,false
Colin Devlin,1,false
Colt Cobra,1,false
Colter Wall,1,false
coma. fm,1,false
Commodores,1,false
Complicated Man,1,false
Compulsion Games & Laura Ellis,1,false
Conj. Santa Anita,1,false
Conor Oberst & Gillian Welch,1,false
Conway Twitty,1,false
Cookies 'n Beans,1,false
Cootie Williams And His Orchestra,1,false
Coral Fuzz,1,false
Corky Jones,1,false
Cory Branan,1,false
Count Basie,1,false
Count Basie & His Orchestra,1,false
Counting Crows,1,false
Country Gentleman,1,false
Country Joe & The Fish,1,false
Country Mama Annie,1,false
Courtney Barnett,1,false
Craic 'n' Roll,1,false
Crash Test Dummies,1,false
Crazy Aces,1,false
Crazy Cavan,1,false
Crazy Cavan And The Rhythm Rockers,1,false
Crazy Horses,1,false
Cream,1,false
Crocodylus,1,false
Crosby and Nash,1,false
Crypt 24,1,false
Culture Club,1,false
Curtis Stigers,1,false
CVTTVNMVVTH,1,false
Cyrkle,1,false
Cécile Bredie,1,false
Daisy Dick & The Cannibal Sinners,1,false
Daisy Sisters,1,false
Daisy sisters,1,false
Dale Watson feat. Linda Gail Lewis,1,false
Dale Watson feat. The Hillbilly Moon Explosion,1,false
Dalida,1,false
Damage Kicks,1,false
Damita Jo,1,false
Dan Baird,1,false
Dan Mangan,1,false
Dan Zanes feat Lou Reed,1,false
Dana Gillespie,1,false
Danger Mouse & Daniele Luppi & Jack White,1,false
Dani Trabal Dúo,1,false
Daniel Boone,1,false
Daniel Diaz,1,false
Daniel Meade,1,false
Daniela Casa & Massimo Catalano,1,false
Danny B. Harvey & Mysti Moon,1,false
Danny Doyle,1,false
Danny McCullouch,1,false
Danny O'Keefe,1,false
Danny Reno & The Seniors,1,false
Danny Williams,1,false
Dark Bottle,1,false
Darlings,1,false
Darrel Higham,1,false
Dave Brubeck,1,false
Dave Brubeck Quartet,1,false
"Dave Dee, Dozy, Beaky, Mick & Tich",1,false
Dave Del Monte & The Cross County Boys,1,false
Dave Del Monte & The Cross County Boys Featuring Crash Gordon,1,false
Dave Hillyard And The Rocksteady Seven,1,false
Dave Mason & Cass Elliot,1,false
Dave Stewart and Vanessa Paradis,1,false
David Ackles,1,false
David Arnold,1,false
David Axelrod,1,false
"David Baron, Donna Lewis",1,false
David Bowie & Queen,1,false
David Bowie and Marianne Faithfull,1,false
David Byrne,1,false
David Byrne feat. Ghost Train Orchestra & Hayley Williams,1,false
David Garrick,1,false
David Gilmour & Friends,1,false
David J,1,false
David Lynch,1,false
Davy Graham,1,false
Dawg House,1,false
Dawn feat. Tony Orlando,1,false
Dead Counterpoint Initiative,1,false
Dead Kings,1,false
Dead Melodies,1,false
Dean Brody Ft. Great Big Sea,1,false
Dean Winter & the Heat,1,false
Debbie Duncan,1,false
Debbie Harry and Los Fabulosos Cadillacs,1,false
Debbie Henning,1,false
Deke Dickerson,1,false
Delcardos,1,false
Demented Are Go,1,false
Demis Roussos,1,false
Denis Solee,1,false
Denise LaSalle,1,false
Dennis Wilson,1,false
Denzal Sinclaire,1,false
Derrick Big Walker and The Blues Nephews,1,false
Detour Doom Ensemble,1,false
"Devil Doll, Charlie Overbey",1,false
Diamanda Galas,1,false
Diana Krall & Sarah McLachlan,1,false
Dick Dale & His Del-Tones,1,false
DICK DALE and THE DEL-TONES,1,false
Dick Dale/Stevie Ray Vaughan,1,false
Dick Glasser & Co.,1,false
Dinah Washington,1,false
Dinah Washington & Brook Bento,1,false
Dion & The Belmonts,1,false
Dionne Warwick,1,false
Dirty Mops,1,false
Disturbed,1,false
Dmitri Matheny,1,false
Doc & Merle Watson,1,false
Doctor Velvet,1,false
Don Byas,1,false
Don French,1,false
Don Joseph,1,false
Don McLean,1,false
Donna Lynn,1,false
Donovan Alex,1,false
Dorothy Moore,1,false
Douglas Fir,1,false
Doyley & The Rejects,1,false
Doyley And The Twanglords,1,false
Dr Surf,1,false
Dr. Saxlove,1,false
Dr. Tritón,1,false
Dramarama,1,false
Drayton Farley,1,false
Dreadful,1,false
Dropkick,1,false
Drunken Hearts,1,false
Duke Ellington & John Coltrane & Billy Strayhorn,1,false
Duke Ellington & Louis Armstrong,1,false
"Duke Ellington, Ella Fitzgerald",1,false
Durand Jones & The Indications & Aaron Frazer,1,false
Dusk SRC,1,false
DVA The Band,1,false
Dypsomaniaxe,1,false
E. Pieranunzi & S. Chimenti,1,false
Earl Grant,1,false
Earl Hines,1,false
"Earth, Wind & Fire",1,false
Eartha Kitt,1,false
Eddie & Betty,1,false
Eddie Floyd,1,false
Eddie Spaghetti,1,false
Edie Brickell & New Bohemians,1,false
EDMUNDO ROSS and his Orchestra,1,false
Edwards Hand,1,false
Edwin Starr,1,false
Egisto Macchi,1,false
Eightmen,1,false
Eileen Barton,1,false
Ein Astronaut,1,false
Eldanka,1,false
Eleanor Bodel,1,false
Eliane Elias,1,false
Elisabeth Grey,1,false
Elisabeth Hope,1,false
Elizabeth Karayekov Big Band,1,false
Elkie Brooks,1,false
Ella Fitzgerald & Duke Ellington,1,false
Ella Fitzgerald & Louis Armstrong,1,false
Ella Fitzgerald With Chick Webb & His Orchestra,1,false
Elles Bailey,1,false
Ellie Benn,1,false
Ellie Goulding,1,false
Ellie Strong & Kyle Addison,1,false
Elliot's Music Room,1,false
Elliott Murphy,1,false
Elton John feat. John Lennon,1,false
Elvis Costello and the Attractions,1,false
Elvis Costello and The Attractions,1,false
Elvis Presley With the Royal Philharmonic Orchestra,1,false
Emily Marie Palmer & Jeffrey Butzer,1,false
Emitt Rhodes,1,false
Emma & the Aristodemo's,1,false
Emma Ruth Rundle & Thou,1,false
Emmylou Harris and The Pretenders,1,false
Emmylou Harris with Steve Earle,1,false
Emmylou Harris with Willie Nelson,1,false
"Ennio Morricone, Alessandro Alessandroni",1,false
Enoch Light And The Brass Menagerie,1,false
Enrico Simonetti,1,false
Eric Burdon,1,false
Eric Clapton & Roger Waters,1,false
Eric Clapton & The Yardbirds,1,false
Eric Hagen,1,false
Eric Kay and The Surfaronnies,1,false
Ernesto Nicelli,1,false
Ernie K-Doe,1,false
Esther Ofarim,1,false
Esther Phillips,1,false
Ethan Gold & The Staves,1,false
Ethan Luck,1,false
Etienne Daho,1,false
Eva Cassidy & Chuck Brown,1,false
Everly Brothers,1,false
"Everly Brothers, The",1,false
Ewan McGregor,1,false
Faith Hill,1,false
Faith No More,1,false
Fantastic Baggys,1,false
Farlocco & The Swingers,1,false
Fast Frank and the Hot Shout Blues,1,false
Fatboy,1,false
Fats And The Chessmen,1,false
Fenton Robinson,1,false
Fifty Foot Combo,1,false
Fiorello & Matt Damon & Jude Law,1,false
First Aid Kit,1,false
Fizz Jazz,1,false
Flamestones,1,false
Flash Cadillac & The Continental Kids,1,false
Fleetwood Mac,1,false
Flooded Fields Quartet feat Manet,1,false
Flower Smellers,1,false
Floyd Cramer,1,false
Floyd James & The GTs,1,false
Fly Janet,1,false
Folkulaka,1,false
Fontaines D.C.,1,false
Footstep Surf Music Band,1,false
For Sale Band,1,false
Four Tops,1,false
Foxes,1,false
France Gall,1,false
Francis Morello,1,false
Franck Pourcel,1,false
Franco Altissimi,1,false
Franco Bracardi,1,false
Frank Chacksfield & His Orchestra,1,false
Frank Sinatra & Antônio Carlos Jobim,1,false
"Frank Sinatra, Count Basie",1,false
Frankie & The Pool Boys,1,false
Frankie Avalon,1,false
Frankie Ortega And Sy Oliver,1,false
Freddy Canoe,1,false
Freeky Cleen & Dickey F,1,false
Freeky Cleen & Doug Steigerwald,1,false
Freeky Cleen feat. V. Sorokin,1,false
Freya Josephine Hollick,1,false
Frieda,1,false
Froghat,1,false
Funkadelic,1,false
G. Ducros,1,false
Gabor Szabo And The California Dreamers,1,false
Gabriele Ducros,1,false
Gareth Nugent,1,false
Garrington T Jones,1,false
Gary Mcfarland,1,false
Gary Moore,1,false
Gasolines,1,false
Gauna Batz,1,false
Gemini 13,1,false
Gene Cotton,1,false
Gene Pitney,1,false
Gene Pool & The Shallows,1,false
Gene Vincent & The Shouts,1,false
George Benson,1,false
George Jones,1,false
George Jones & Gene Pitney,1,false
George Shearing,1,false
George Strait,1,false
George White Group,1,false
Georges I. Gurdjieff,1,false
Georgia Weber and The Sleeved Hearts,1,false
Gerardo Iacoucci & Paola Massero,1,false
Gerry Mulligan,1,false
Gheorghe Zamfir,1,false
Ghost City Collective,1,false
Gianni Oddi,1,false
Giles Giles and Fripp,1,false
Gillian Welch & David Rawlings,1,false
Gimnazija Kranj Revue Orchestra,1,false
Gin Gypsy,1,false
Gina Fabiani,1,false
Gina Jones,1,false
Gina Sicilia,1,false
Ginny & The Gallions,1,false
Ginny Tiu & the Few,1,false
Giovanna Pessi Susanna Wallumrød,1,false
Giovanni Ferroni,1,false
Gitane Demone,1,false
Glenda And Glen,1,false
Glenn Crytzer's Secluded Seven,1,false
Glenn Miller,1,false
Golden Mile Band,1,false
Golems of the Red Planet,1,false
Gordon Alexander,1,false
Gorilla,1,false
Grace Potter,1,false
Gran Orquestre Popular de las Americas,1,false
Grant Lee Buffalo,1,false
Grayson Capps,1,false
Gry Sol Karlsson,1,false
Guitar Slingers,1,false
Guitar Tribute Players,1,false
Guy Clark,1,false
Gökçen Kaynatan,1,false
Hal Ketchum,1,false
Hall & Oates,1,false
Haney's Big House,1,false
Hangmen,1,false
Hank Pine & Lily Fawn,1,false
Hannah Gill,1,false
Happyness,1,false
Harald Thune,1,false
Harmonica Lewinski,1,false
HAROLD AND BOB,1,false
Harold Melvin & The Blue Notes & Teddy Pendergrass,1,false
"Harry Connick, Jr.",1,false
Harry Katz and the Pistachios,1,false
Harvey Andrews,1,false
Harvey McLaughlin,1,false
Hasil Adkins,1,false
Heather Maloney,1,false
Heather Nova,1,false
Heatwaves,1,false
Helen Reddy,1,false
Helena Vondrackova,1,false
Helene Neijmeijer,1,false
Hell Hoe Kitti,1,false
Help Me Devil,1,false
Hendrikse,1,false
Henk Hofstede,1,false
Henri Rene & His Orchestra,1,false
Henri Rene & His Orchestra & C,1,false
Henry Hugo,1,false
Henry Purcell,1,false
Henry Purcell & Alfred Deller,1,false
Henson Cargill,1,false
Herb Alpert & The Tijuana Brass,1,false
Herbie Harper,1,false
Herman Brood,1,false
Herschel Burke Gilbert,1,false
High Strung Ramblers,1,false
Hilary Gardner,1,false
Hillbilly Kings,1,false
Hipbone Slim & The Kneetremblers,1,false
Hiss Golden Messenger,1,false
Hola Ghost,1,false
Holly Cole Javon Jackson,1,false
Hollywood Trailer Music Orchestra,1,false
Hoox,1,false
HorrorPops,1,false
Hot Boogie Chillun,1,false
Hot Doggers,1,false
Hot Rod Walt & The Psycho-Devilles,1,false
Hot Rod Walt and the Psycho-DeVilles,1,false
Hot Work,1,false
Howard Rickard,1,false
Howard Tate,1,false
Huelyn Duvall,1,false
Huevos Rancheros,1,false
Hugh Cornwell,1,false
Hugues Auffray,1,false
Hypnobooster,1,false
I Marc 4 & Edda Dell'Orso,1,false
I'm With Her,1,false
Ian Whitcomb & His Seaside Syncopators,1,false
ICI PARIS,1,false
Iestyn Davies,1,false
Iggy and The Stooges,1,false
Iggy And The Stooges,1,false
Iggy Pop Feat. David Bowie,1,false
Indians,1,false
Indra Rios-Moore,1,false
Inga Lynch,1,false
Inga Lynch feat. Elsa Tootsie and the Mini Band,1,false
Inoportunos,1,false
Introducers,1,false
Ioann Rio,1,false
Irish Rovers,1,false
Irma Thomas,1,false
Isley Brothers,1,false
Ivan Motosserra Surf & Trash,1,false
J.Honk,1,false
J.J.Cale,1,false
J.S. Ondara,1,false
JACK AND JIM,1,false
Jack Blanchard & Misty Morgan,1,false
Jack Klatt,1,false
Jack Nitzsche,1,false
Jackie Brenston & His Delta Cats,1,false
Jacky Terrasson & Stéphane Belmondo,1,false
Jade Bird,1,false
Jake Calypso,1,false
James,1,false
James Blunt,1,false
James Carr,1,false
James Gilmour,1,false
James Hall,1,false
James Ingram,1,false
James Ingram & Patti Austin,1,false
James Marshall,1,false
James Ray,1,false
Jane Rose and The Deadends,1,false
Japanese Television,1,false
Jarvis Cocker & Kid Loco,1,false
Jason Beers,1,false
Jason Janik,1,false
Jay And The Americans,1,false
"Jay McShann, Dick Hyman, Harry Sweets Edison",1,false
Jazzosmosis,1,false
Jeanette,1,false
Jeff Beck,1,false
Jeff Plankenhorn,1,false
Jefferson Dust,1,false
Jem,1,false
Jenna Nicholls,1,false
Jennie and The Slingers,1,false
Jennie Smith,1,false
Jenny Choi & Sanawon,1,false
Jenny Owen Youngs,1,false
Jeremy Mohney,1,false
Jess Glynne,1,false
Jethro Tull,1,false
Jill Tracy,1,false
Jim Croce,1,false
Jim Jeffries,1,false
Jim Pewter,1,false
Jimmie Lunceford,1,false
Jimmy Grubbs,1,false
Jimmy Hendrix,1,false
Jimmy Johnson & Typhanie Monique,1,false
Jimmy Ray,1,false
Jimmy Rushing,1,false
Jimmy Scott,1,false
Jimmy Webb and Mark Knopfler,1,false
Jive Giants,1,false
Jiving Bo,1,false
JJ Heller,1,false
Jo Lemaire,1,false
Jo Stafford,1,false
Joe B. Humbled,1,false
Joe Brown & his Bruvvers,1,false
Joe Carter,1,false
Joe Harriott,1,false
Joe Horten Combo,1,false
Joe Louis Walker,1,false
Joe Strummer,1,false
Joe Turner & Pee Wee Crayton & Sonny Stitt,1,false
Joe Williams With The Red Saunders Orchestra,1,false
Joel Fausto & Illusion Orchestra,1,false
Joey Ramone,1,false
Joey Ramone & Holly Beth Vincent,1,false
John & Jackie,1,false
John & Nienke,1,false
John and Nienke,1,false
John Barry & Hollywood Bowl Orchestra & John Mauceri,1,false
John Bergeron,1,false
John C. Reilly,1,false
John Fogerty,1,false
John Greaves,1,false
John Lee Hooker and Santana,1,false
"John Lee Hooker, Buddy Guy, Fred Below",1,false
John Lewis,1,false
John Leyton,1,false
John Mayall,1,false
John Patitucci,1,false
John R. Miller,1,false
John Wort Hannam,1,false
Johnnie Taylor,1,false
Johnny Burnette,1,false
Johnny Cash & Joe Strummer,1,false
Johnny Cash and Fiona Apple,1,false
Johnny Cash and Rosie Nix Adams,1,false
Johnny Cash with June Carter Cash,1,false
"Johnny Cash, Kris Kristofferson, Waylon Jennings, Willie Nelson",1,false
Johnny Casino,1,false
Johnny Copeland,1,false
Johnny Farnham,1,false
Johnny Mercer & The Pied Pipers,1,false
Jolanda & The Bellhops,1,false
Jon And Robin,1,false
Joni Mitchell,1,false
Jordan Thomas Trio,1,false
Jorma Kaukonen,1,false
Jose Estela,1,false
Joseph Arthur,1,false
Joshua James,1,false
Joshua James & The Forest Rangers,1,false
Joy Williams,1,false
Joyce Prescher with Lachlan Bryan,1,false
JUDODOJO,1,false
Judy Garland & Lena Horne,1,false
Julia Lee,1,false
Julia Lee And Her Boyfriends,1,false
Julie Wallis,1,false
Juliette Gréco,1,false
June & Lula,1,false
Junior Marvel & His Hi-Flyers,1,false
Junior Wells,1,false
Jyrki 69 feat Steve Stevens,1,false
Kacy & Clayton and Marlon Williams,1,false
Kai Danzberg,1,false
Kai Winding & Orchestra,1,false
Kai Winding featuring Kenny Burrell,1,false
Kaia Kater,1,false
Kameron Mantell,1,false
Kammerflimmer Kollektief,1,false
Kansas,1,false
Kansas Smitty's,1,false
Karen Lanaud,1,false
Karen Lawrence,1,false
Kari Kimmel,1,false
Karling and the Kadavers,1,false
Kasey Thornton Band,1,false
Kashmere Stage Band,1,false
Katatonics,1,false
Kate Bush with Larry Adler,1,false
Kate Wingfield,1,false
Katey Sagal,1,false
Katey Sagal & The Forest Rangers,1,false
Katey Sagal & The Forest Rangers & Blake Mills,1,false
Kathleen Martin,1,false
Kathy Freeman,1,false
Kathy Mattea,1,false
Kathy Young And The Innocents,1,false
Katie Cole,1,false
Katie Knipp,1,false
Katie Melua,1,false
Katy Richards,1,false
Kaw Tikis,1,false
Keely Smith,1,false
Keely Smith & Louis Prima & Sam Butera & The Witnesses,1,false
Keith Jarrett,1,false
Kelley Stoltz,1,false
Kelly English,1,false
Kenny Burrell,1,false
Kenny Hollywood,1,false
Kerri Powers,1,false
Kid Rock & Gretchen Wilson,1,false
Kieron Mcdonald,1,false
Killer Tone Jones,1,false
King Cole Trio,1,false
King Joe & The Atlantics,1,false
King Princess,1,false
King Zerand Orchestra,1,false
Kingsmen,1,false
Kingston Trio,1,false
Kioea,1,false
Kirsty Mccoll,1,false
Kolo Dvoh,1,false
Konstantin Kolesnichenko and Bullet Blues Band feat Dmitry Litvinenko,1,false
Kraken Landau,1,false
Kreeps (Performing as Grim County Coroners),1,false
Krewmen,1,false
"Kris Kristofferson, Willie Nelson, Shooter Jennings & Jamey Johnson",1,false
Krjesnice,1,false
Kronos Quartet,1,false
Kryptonix,1,false
Krzysztof Komeda,1,false
Kurt Vile,1,false
Kyle Eastwood & Dave Chamberlain & Matt Home,1,false
La Lupe,1,false
La Luz,1,false
La Légende De Bagnolet,1,false
La Negra,1,false
La Ratte,1,false
Ladiva and Sylvain Daelemans,1,false
Lady Antebellum,1,false
LAGUESTRA & HIS ORCHESTRA,1,false
Laika & The Cosmonauts,1,false
Lakewood Cemetery,1,false
Lamb's Ear,1,false
Lana Cantrell,1,false
Larkin Poe,1,false
Larry Campbell & Teresa Williams,1,false
Las e Felipe,1,false
Lasse Fruergaard,1,false
Laurels Sunshine,1,false
Lauren Hoffman,1,false
Lawndale,1,false
Le London All Star,1,false
Lead Belly,1,false
Leadbelly,1,false
Leah and Her J-Walkers,1,false
Lee Morgan,1,false
Lena Horne,1,false
Lenka Filipová,1,false
Leon Bridges,1,false
Les Agamemnonz,1,false
Les Jaguars,1,false
Leslie Mendelson,1,false
Lester Young & Oscar Peterson Trio,1,false
Lets Play,1,false
Levi Dexter & The Ripchords,1,false
Lewis Bailey,1,false
Lewis Pugh,1,false
LHD,1,false
Library,1,false
Lick The Tins,1,false
Lincoln Center Jazz Orchestra & Wynton Marsalis,1,false
Linda Gail Lewis (featuring Annie Marie Lewis),1,false
Linda Jones,1,false
Lindisfarne,1,false
Link Davis,1,false
Liquid Germs,1,false
Lisa Stansfield,1,false
Liselotte van Dooren,1,false
Lissie,1,false
Little Anthony & The Imperials,1,false
Little Willie John,1,false
Living End,1,false
Loleatta Holloway,1,false
Lolita Ritmanis,1,false
Lonnie Johnson,1,false
Loose Cattle,1,false
Lori Hardman,1,false
Lori McKenna,1,false
Lorrie Morgan & Pam Tillis,1,false
Los Abismos,1,false
Los Antideslizantes,1,false
Los Atascados,1,false
Los Banditos,1,false
Los Dangers,1,false
Los Dedos,1,false
Los Fuckin´ Surfer Smokers,1,false
Los Grainders,1,false
Los Plantronics,1,false
Los Protones,1,false
Los Tiki Phantoms,1,false
Los Twangers,1,false
Lost Boys of Penzance,1,false
Lost Mary,1,false
Lota Red,1,false
Lou Reed and John Cale,1,false
Louie Zong,1,false
Louis Armstrong And The Duke Ellington Orchestra,1,false
Louis Prima & Sam Butera & The Witnesses,1,false
Louis Prima & Sam Butera & The Witnesses & Keely Smith,1,false
Louisa Revolta,1,false
Love,1,false
Lovely Lise,1,false
Low,1,false
Low Vs Diamond,1,false
Lubomski,1,false
Lubomír Brabec & Karel Vágner,1,false
Lucinda Williams,1,false
Lucky 757,1,false
Lucky bar,1,false
Lucy Walsh,1,false
Luigi Zito,1,false
Luis Bacalov,1,false
Luther Ingram,1,false
Lux,1,false
Lyambiko,1,false
Lynda Carter,1,false
"Maciej Maleczuk & Nergal, Gienek Loska, John Porter",1,false
Mad Heads & Front,1,false
Mad Jack 'N' The Hatters,1,false
Mad Jack And The Hatters,1,false
Madness,1,false
Majic Ship,1,false
Make Like a Tree,1,false
Malford Milligan& Southern Aces,1,false
Mama's Broke,1,false
Man Or Astro-man?,1,false
Mandy Storm,1,false
Manfred Mann,1,false
Manfred Mann's Earth Band,1,false
Mann Drake,1,false
Manu,1,false
Manuş-u Âlâ,1,false
Marco Di Maggio and The All Star gang,1,false
Marcus Jade,1,false
Maria McKee,1,false
Mariachi Mexteca feat. Hugh Cornwell,1,false
Marie Celeste,1,false
Marie Laforet,1,false
Marilyn Monroe,1,false
Marina D`amico,1,false
Marion Black,1,false
Mariona Smets,1,false
Marisa Anderson & Tara Jane O'Neil,1,false
Mark Chesnutt,1,false
Mark Isham,1,false
Mark Knopfler,1,false
Markko Polo Adventurers,1,false
Marlon Williams,1,false
Marmalade,1,false
Marta Kubišová,1,false
Martha & The Vandellas,1,false
Martha Berner,1,false
Marti Brom,1,false
Martin Burlas,1,false
Martin on the Wire,1,false
Marty Balin,1,false
Marvin Gaye & Kim Weston,1,false
Mary Duff,1,false
Mary Hopkin and Jan Cussick,1,false
Mason Williams,1,false
Massimo Catalano,1,false
Massimo Catalano & Remigio Ducros,1,false
Matt Berninger,1,false
Matt Holubowski,1,false
Matteo Brancaleoni,1,false
Matthew Sweet & Susanna Hoffs,1,false
Maze & Frankie Beverly,1,false
Mazzy Star,1,false
Me and Deboe,1,false
Medieval,1,false
Meg Birch,1,false
Meklit Hadero,1,false
Mel Mcdaniel,1,false
Melanie Fiona,1,false
Mellow Cats 'N' Kittens,1,false
Melody Girls Of Ukraine,1,false
Mercury Rev,1,false
Merv Griffin,1,false
Meschiya Lake and The Little Big Horns,1,false
Meshugga Beach Party,1,false
MFC Chicken,1,false
Micah P. Hinson And The Opera Circuit,1,false
Michael Arthur Holloway,1,false
Michael Dease,1,false
Michael Hutchence and London Symphony Orchestra,1,false
Michael Stipe & Karen Elson,1,false
Michaela Anne & Caroline Spence,1,false
Midnight Smoke,1,false
Mighty Joe Castro and the Gravamen,1,false
Mighty Surf Lords,1,false
Mike Garson,1,false
Mike Hurst Orchestra,1,false
Mike Langston,1,false
Mike Ness,1,false
Mike Oldfield,1,false
Mike Patton,1,false
Mike Ronson,1,false
Miles Davis & Hank Mobley & Wynton Kelly & Paul Chambers & Jimmy Cobb,1,false
Miles Davis & John Coltrane & Bill Evans,1,false
Miles Davis & John Coltrane & Red Garland & Paul Chambers & Philly Joe Jones,1,false
Miles Davis Quintet,1,false
Milky Edwards & The Chamberlings,1,false
Milky Edwards & the Chamberlings,1,false
Milla Jovovich,1,false
Millennium,1,false
Mimi Roman,1,false
Mindy Smith,1,false
Minor Mirage,1,false
Mireille Mathieu,1,false
Miss Leslie,1,false
Miss Myra and The Moonshiners,1,false
MJJ Jones,1,false
Modern Sound Quartet,1,false
Molly Tuttle & Golden Highway feat. Ketch Secor,1,false
Monica da Silva,1,false
Monica Lopez,1,false
Morgen Wurde,1,false
Mosquito,1,false
Motorama,1,false
Mozartine,1,false
Mr. Blonde,1,false
Mr. Scardinius,1,false
Mumford & Sons,1,false
Mungo Jerry,1,false
Murder by Death,1,false
Music Emporium,1,false
Musica Mundi,1,false
My Oh My!,1,false
Myracle Brah,1,false
Nancy Sinatra and Lee Hazlewood,1,false
Nancy Wilson,1,false
Nashville Superpickers,1,false
National Park Radio,1,false
Necronomikids,1,false
Neil Innes,1,false
Nellie Lutcher,1,false
NEONNOONE,1,false
Neononne,1,false
New Day Blues Band,1,false
New Orleans Nightcrawlers,1,false
New Vaudeville Band,1,false
Nick Cave & Anita Lane,1,false
Nick Cave & Shane MacGowan,1,false
Nick Cave & Warren Ellis,1,false
"Nick Cave, Anna Maria Jopek & Maciej Malenczuk",1,false
Nicolas Godin,1,false
Nicole Atkins & Marissa Nadler,1,false
Nigel Lewis & The Zorchmen,1,false
Night Nurse,1,false
Nim Vind,1,false
Nina & The Hot Spots,1,false
Nina Simone,1,false
Nine Inch Nails,1,false
Nine Lives,1,false
Ninety,1,false
Nino & the Ebb Tides,1,false
Nitro17,1,false
No Saint,1,false
Noah Gundersen & The Forest Rangers,1,false
Noctuid,1,false
Non Stop,1,false
Norma Tanega,1,false
NOUSINTHIS,1,false
O Sister!,1,false
Odds,1,false
Odetta Hartman,1,false
Olivia Newton John,1,false
Olivia Newton-John,1,false
Olivier Hoarau,1,false
Omega,1,false
Ondine Appel,1,false
One Sun One Moon,1,false
Operation Octopus,1,false
Orchester Anthony Ventura,1,false
Orchestra,1,false
Orla Gartland,1,false
Orquestra Serenata Tropical,1,false
Orson Family,1,false
Os Cavaleiros Temporários,1,false
Os Gatunos,1,false
Os Marrones Vão Á Praia,1,false
Os Tatuíra,1,false
Oscar D'León,1,false
Oscar McLollie & His Honey Jumpers,1,false
Otis Rush,1,false
Otis Taylor,1,false
Out Of Luck,1,false
Outcasts,1,false
Oxamyth,1,false
P.P. Arnold,1,false
Paddy And The Rats,1,false
Paper Lace,1,false
Paquetá,1,false
Par Avion,1,false
Paradush,1,false
Pasquale Castiglione & Paolo Casa,1,false
Patti Labelle,1,false
Patty McGovern,1,false
Paul & Paula,1,false
Paul Brady & The Forest Rangers,1,false
Paul Conrad,1,false
Paul Desmond,1,false
Paul Durham,1,false
Paul Galaxy & The Galactix,1,false
Paul Hampton,1,false
Paul Kossoff,1,false
Paul McCartney And Wings,1,false
"Paul Motian, Bill Frisell, Joe Lovano",1,false
Paul Pritchard,1,false
Paul Robeson,1,false
Paul Whiteman & Johnny Hauser,1,false
Paula Watson,1,false
Pearl Bailey,1,false
Pearl Django & Lance Buller,1,false
Peggy Lee Vs Iggy Pop,1,false
Percy Faith,1,false
Perrey & Kingsley,1,false
Pete Galub & Matt Kanelos,1,false
Peter & Gordon,1,false
Peter and The Wolves,1,false
Peter McConnell,1,false
Peter Mueller & Andreas Sobczyk & Tommie Harris & Dani Gugolz & Kai Strauss & Tom Müller,1,false
Peter Paul & Mary,1,false
Peter Paul And Mary,1,false
"Peter, Paul & Mary",1,false
Pfeffer,1,false
Phantom Rockers,1,false
Pheel Balliana,1,false
Phil Barclay & The Sliders,1,false
Phil Odgers,1,false
Philip Doyle feat Alice Panchenko,1,false
Philipp van Endert Trio,1,false
Phish,1,false
Phyllis Hyman,1,false
Piero Piccioni,1,false
"Piero Piccioni, Edda Dell'Orso",1,false
Pink Turtle,1,false
Pitmen,1,false
PJ Harvey,1,false
Plains,1,false
Plankton,1,false
Pleasure of Decay,1,false
Pleasure of Decay feat Bad Angels,1,false
Pogues,1,false
Pointbreak,1,false
Pollo del Mar,1,false
Poltva Rats,1,false
Pomplamoose,1,false
Pram,1,false
Pri Souza,1,false
Primal Scream,1,false
Primitive Roadrunners,1,false
PROOT,1,false
Propellors,1,false
Psychedelic Breakfast,1,false
Psycho Devilles,1,false
Psycho Tendencies,1,false
Puccio Roelens,1,false
Puppini Sisters,1,false
Putte Wickman,1,false
Quarter Mile Combo,1,false
Quarteto Scherzo,1,false
Quatro,1,false
Quentin Brothers,1,false
Rachael Wood,1,false
Rachel Baiman & Caroline Spence,1,false
Rachel Baiman & Kris Drever,1,false
Rachel Baiman + Pony Bradshaw,1,false
Rachel Baiman with Anthony da Costa,1,false
Radio Pachuco,1,false
Radio Roadhouse,1,false
Rainy Day,1,false
Rainy Eyes,1,false
Ralph Dollimore And His Orchestra,1,false
Ralph McTell,1,false
Ramblin' Jack Elliott,1,false
Randy and The Rainbows,1,false
Randy Palmer,1,false
Randy Travis,1,false
Raul Midón & Terence Blanchard,1,false
Ray Campi,1,false
Ray Charles & The Count Basie Orchestra,1,false
Ray Collins’ HOT-CLUB,1,false
Ray Martin & His Orchestra,1,false
Razorblades,1,false
Reba McEntire,1,false
Rebekka Lundstrøm,1,false
Reckless Ones,1,false
Record Club,1,false
Red Clay River,1,false
Red Planets,1,false
REMEZ & Sestra Blyznyuchka,1,false
Remigio Ducros,1,false
Renato Carosone,1,false
REQ'D,1,false
Respect Your Mom,1,false
Restless,1,false
Retro21 Band,1,false
Reverb Again,1,false
Reverend Beat-Man,1,false
Reverend Organdrum,1,false
Reverend Red,1,false
Rezso Seress,1,false
Rhett Akins,1,false
Rhonda Vincent and the Rage,1,false
Rhythms Del Mundo feat. KT Tunstall,1,false
Richard Arnold,1,false
Richard Barone,1,false
Richie Allen & The Pacific Surfers,1,false
Rick Whittell,1,false
Ricky King,1,false
Righteous Brothers,1,false
Riot Rockers,1,false
Riz Ortolani,1,false
Riz Ortolani e Nino Oliviero,1,false
Robert And The Roboters,1,false
Robert Gordon with Emanuela Hutter,1,false
Robert Gordon with Joe Louis Walker,1,false
"Robert Gordon, Jordan Rudess, Steve Morse, Nik Turner",1,false
Robert Parker,1,false
Roberta Flack,1,false
Robin Dransfield,1,false
Rockin' Louie,1,false
Rockland Ladies,1,false
Rodney Crowell,1,false
Roger & The Wraybands,1,false
Roland Shaw & His Orchestra,1,false
Rollin' Dice,1,false
Rolling Stones,1,false
Rollo Brothers,1,false
Romolo Grano & Gianni Oddi,1,false
Ron Sunshine & Full Swing,1,false
Ronnie Dyson,1,false
Rosabella Gregory,1,false
Rose City Band,1,false
Roseann Sureda,1,false
ROSS BAGDASARIAN,1,false
Rowland S. Howard,1,false
Royal Guardsman,1,false
Royalty,1,false
Ruby Ann & The Boppin' Boozers,1,false
Ruen Brothers,1,false
Ruki'v Bryuki,1,false
Rumble King,1,false
Russ Shipton,1,false
Rustix,1,false
Ry Cooder,1,false
Ryan Chrys & the Rough Cuts,1,false
Ryan Ricks,1,false
Sade,1,false
Saker,1,false
Sam Mundy,1,false
Same Old Story Blues Band,1,false
Sammy Davis Jr.,1,false
Sandie Shaw,1,false
Sandra Vanreys,1,false
Sandro Brugnolini,1,false
Sangue de Androide,1,false
Santiago Bernhardt,1,false
Santo & Johnny,1,false
Santo & Johnny Farina,1,false
Sara Bareilles,1,false
Sara Bradaschia and Emanuele Grafitti,1,false
Sara Gazarek,1,false
Sarabeth Tucek,1,false
Sarah Darling,1,false
Sarah Eddy,1,false
Sarah McLachlan,1,false
Sarah Noell,1,false
Sarah Rose,1,false
Sarah Shook & the Disarmers,1,false
Sarina Haggarty,1,false
Satvrne,1,false
Sax Gordon,1,false
Scared Stiff,1,false
Scott Bradlee's Postmodern Jukebox,1,false
Scott Bradlee's Postmodern Jukebox & Dave Koz,1,false
Screamin Meemies,1,false
Screamin' Sirens!,1,false
Screamin` Meemies,1,false
Seal,1,false
Secret Agent,1,false
Seeds,1,false
Segensklang,1,false
Senketsu No Night Club,1,false
Serge Fontane,1,false
Sergio Mendes and Brasil 66,1,false
Sestetto Dino Piana & Oscar Valdambrini,1,false
Sex Pistols,1,false
Shakey Horton (Big Walter Horton),1,false
Shaky Hollows,1,false
Shane Fenton & The Fentones,1,false
Shane Vain & The Village Vandals,1,false
Shangrilas,1,false
Shani Weiss,1,false
Shannon Wardrop,1,false
Shefita and Sabbaba,1,false
Sheila K Cameron (SKC),1,false
Shelby Merry,1,false
Shocking blue,1,false
Shoobies,1,false
Shoot the Pier,1,false
Shovels & Rope & Shakey Graves,1,false
Shovels & Rope with Preservation Hall Jazz Band,1,false
Shovels and Rope feat. John Fullbright,1,false
Sick City Daggers,1,false
Sidewalk Skipper Band,1,false
Sidney Bechet,1,false
Silkworm,1,false
Silver Jews,1,false
Simon Crashly & The Roadmasters,1,false
Sing Song,1,false
Sing Swing,1,false
Sinister Twist,1,false
Siouxsie And The Banshees,1,false
Sir Julian & His Orchestra,1,false
Six Fingered People,1,false
Sky Rockets,1,false
Slade,1,false
Sleeper Bill,1,false
Slim Gaillard,1,false
Slow Motion Cowboys,1,false
Slowey & The Boats ft. Shannon McGill,1,false
Smog,1,false
Solo Rhodes,1,false
Sonic Youth,1,false
Sonichris,1,false
Sonics,1,false
Sonny Rollins Quintet,1,false
Sophie B. Hawkins,1,false
Soul Asylum,1,false
Southern Culture On The Skids,1,false
Southern Tropical Harmony Steel Band,1,false
Space PsychoTropic Plank-Tone,1,false
Spanky & Our Gang,1,false
Spanky and Our Gang,1,false
Spellbound,1,false
Spiv Brativ,1,false
Splitsville,1,false
SpyTones,1,false
St. Vincent & Thomas Bartlett,1,false
St.Vincent,1,false
Stan Getz & Gerry Mulligan,1,false
Starlite & Campbell,1,false
Starlite Campbell Band,1,false
Steely Dan,1,false
Stefano Torossi,1,false
Stellar Blue,1,false
Stellar Corpses,1,false
Stephen 'Tin Tin' Duffy,1,false
Stephen Lloyd,1,false
Steve Alaimo,1,false
Steve Allen & George Cates & His Orchestra,1,false
Steve Harley,1,false
Steve Harley and Cockney Rebel,1,false
Steve Mancha,1,false
Steve Peisch ft. Suzanne Buell,1,false
Steve ´N´ Seagulls,1,false
Steve ‘n’ Seagulls,1,false
Stevie D & the D-Tones,1,false
Stevie Wonder,1,false
Sting Kong,1,false
Strange Waters,1,false
Strawberry Switchblade,1,false
Strawman,1,false
Studeo,1,false
Sue Foley,1,false
Sugarpie and The Candymen,1,false
Suicide,1,false
Summer Set,1,false
Sun Bus,1,false
Surf Muscle,1,false
Surf Terraneos,1,false
Surfadelica,1,false
Surfuzzes,1,false
Susan Tedeschi,1,false
Suzi Quatro,1,false
Swamp Coolers,1,false
Sweet Emma and the Mood Swingers,1,false
Sydne Rome,1,false
Sylvia,1,false
Sylvia Sands,1,false
Symeon Cosburn,1,false
Szafran Swingin' Orchestra,1,false
SЮR BAND,1,false
SЮR Band,1,false
T Rex,1,false
Tadd Dameron & John Coltrane,1,false
Take Five Quintet,1,false
Tammy Marler,1,false
Tanita Tikaram,1,false
Tanque Rudy Sheri Corleone,1,false
Tanya Tucker,1,false
Tea Ship,1,false
Teenage Fanclub & Donna Matthews,1,false
Tenille Townes,1,false
Tennessee Brando,1,false
Tennessee Drifters,1,false
Tennessee Ernie,1,false
The 415s,1,false
The 5.6.7.8's,1,false
The Album Show,1,false
The Allman Brothers Band,1,false
The Angry Red Planet,1,false
The Aquaholics,1,false
The Astronaut Arcade,1,false
The Atomic Fireballs,1,false
The Baboons,1,false
The Backwood Boys,1,false
The Balboas,1,false
The Bangles,1,false
The Barntwisters,1,false
The Baronics,1,false
The Be Good Tanyas,1,false
The Beach Bunnies,1,false
The Beat From Palookaville,1,false
The Beverly Bombshells,1,false
The Big Red Rocket,1,false
The Big Swell Drifters,1,false
The Big Three feat Mama Cass,1,false
The Billy Rats,1,false
The Billy Rubin Trio,1,false
The Black Crowes,1,false
The Black Heart Procession,1,false
The Blasters,1,false
The Blind Roosters,1,false
The Bloat Floaters,1,false
The Blue Stingrays,1,false
The Bomboras,1,false
The Brehms,1,false
The Brothers band,1,false
The Bucannan,1,false
The Bugaloos,1,false
The Burning Hell & Jenny Mitchell,1,false
The Cactus Blossoms,1,false
The California Honeydrops,1,false
The Calm & Commotion,1,false
The Cars,1,false
The Cats & the Fiddle,1,false
The Centurions,1,false
The Challengers,1,false
The Cheekybenders,1,false
The Chi-Lites,1,false
The Chordettes,1,false
The Classics,1,false
The Clebanoff Strings & Percussion,1,false
The Climbers,1,false
The Clique,1,false
The Computers,1,false
The Concussions,1,false
The Connels,1,false
The Contours,1,false
The Cooltrane Quartet,1,false
The Cougars,1,false
"The Country Dudes (vocal, Clay Allen)",1,false
The Crests,1,false
The Cripple And The Tramp,1,false
The Crossfires,1,false
The Cruncher,1,false
The Currie Brothers,1,false
The Daintees,1,false
The Dale Cooper Quartet,1,false
The Dalles,1,false
The Darkness,1,false
The Dave Brubeck Quartet,1,false
The Dead Show Dealers,1,false
The Deaf Surfers,1,false
The deFenders,1,false
The DeLorean Sisters,1,false
The Delta Bombers,1,false
The Deltas,1,false
The Deoras,1,false
The Despots,1,false
The Devil's Daughters w/ Danny B. Harvey,1,false
The Devotions,1,false
The Dip,1,false
The Dirty Licks,1,false
The Dirty Shwa,1,false
The Distance,1,false
The Dixie Chicks,1,false
The Doobie Brothers,1,false
The Dramatics,1,false
The Dreadtones,1,false
The Dufflecoats,1,false
The Eddie Higgins Trio,1,false
The Electric Prunes,1,false
The Epileptic Hillbilly's,1,false
The Evanstones,1,false
The Exotic Guitars,1,false
The Expendables,1,false
The Family Monroe,1,false
The Fathoms,1,false
The Finks,1,false
The Fivetones & The Blue Stars,1,false
The Flamingos,1,false
The Flashbulb,1,false
The Flowerpot Men,1,false
The Forest Rangers & White Buffalo & Billy Valentine & Franky Perez,1,false
THE FOUR SOUNDS,1,false
The Frank David Selection,1,false
The Free 'N' Easy,1,false
The Galaxy Trio,1,false
The Gallows Dance,1,false
The Genies,1,false
The Ghastly Ones,1,false
The Ghiblis,1,false
The Good Stuff,1,false
The Grand Piano Company,1,false
The Graveyard Train,1,false
The Green Windows,1,false
The Grizzly Addams,1,false
The Guess Who,1,false
The Gutter Boys,1,false
The Harptones,1,false
The Heavy Horses,1,false
The Heritage,1,false
The Hicadoolas,1,false
The Hidden Reefs,1,false
The Highliners,1,false
The Highwaymen,1,false
The Hillbilly Moon Explosion & Mark 'Sparky' Philips,1,false
The Hillbilly Moon Explosion feat. Mark Phillips,1,false
The Holden Quartet,1,false
The Holy Gasp,1,false
The Honkytonk Wranglers,1,false
The Hot Rod Gang,1,false
The Hot Shoes,1,false
The House of the Hidden Light,1,false
The Huaraches,1,false
The Hula Girls,1,false
The Hyperjax,1,false
The Hypochondriacs,1,false
The Ian Campbell Folk Group,1,false
The IllumiGnarly,1,false
The Incredible Mr Smith,1,false
The Innocence Mission,1,false
The Innocents,1,false
The Interrupters,1,false
The Irridescents,1,false
The Jam,1,false
The Jarnos,1,false
The Jim Carroll Band,1,false
The Johnstons,1,false
The Jolly Boys,1,false
The Kingsmen,1,false
The Knack,1,false
The Knights,1,false
The Kodoks,1,false
The Krewmen,1,false
The Last Town Chorus,1,false
The Lazy Foragers,1,false
The Leopards,1,false
THE LINCOLN TRIO,1,false
The Lions,1,false
The Lollipop Tree,1,false
The London Symphony Orchestra,1,false
The Lovecraft Sextet,1,false
The Lovin' Spoonful,1,false
The Low-Fi Drifters,1,false
THE MAORI HI FIVE,1,false
The Marty Cooper Clan,1,false
The Me Gustas,1,false
The Mean Cat Daddies,1,false
The Meantime,1,false
The Medallions,1,false
The Melismatics,1,false
The Mellows,1,false
The Milk Lizards,1,false
The Miracles,1,false
The Mockers,1,false
The Mod Mods,1,false
The Moments,1,false
The Moody Blues,1,false
The Moonstompers,1,false
The Mystic Monks,1,false
The Mystic Moods Orchestra,1,false
The National,1,false
The Nebulas,1,false
The New Establishment,1,false
The New Seekers,1,false
The Orchestra of Mirrored Reflections,1,false
The Ouija Chords,1,false
The Overloaders,1,false
The P.O.X. aka The Psychobilly Orchestra X,1,false
The Peppermint Rainbow,1,false
The Phantom Rockers,1,false
The Pickin' Boppers,1,false
The Playboys,1,false
The Playtones,1,false
The Pogues and Joe Strummer,1,false
The Pogues Feat Kirsty Mccoll,1,false
The Proclaimers,1,false
The Protons,1,false
The Psychobilly Kadillaks,1,false
The Psychonauts,1,false
The Pyramids,1,false
The Raters,1,false
The Ray Charles Singers,1,false
The Raynbow,1,false
The Rayons,1,false
The Razorblades,1,false
The Real Gone,1,false
The Replacements,1,false
The Revels With Barbara Adkins,1,false
The Reverbivores,1,false
The Rhythm Boys,1,false
The Rhythm Rockers,1,false
The Riot Rockers,1,false
The Rip Chords,1,false
The Rock-It Dogs,1,false
The Rocker Covers,1,false
The Rockin Henrys,1,false
The Rockin' Highliners,1,false
The Rockin' Rebels,1,false
The Rockit 88 Band & Meghan Parnell,1,false
The Rollo Brothers,1,false
The Rookies,1,false
The Route 66 Killers,1,false
The Rumblers,1,false
The Saints,1,false
The Sandals,1,false
The Sandpipers,1,false
The Scarlets,1,false
The Schwings Band,1,false
The Schwings Band feat. Migloko,1,false
The Searchers,1,false
The Shivas,1,false
The Shocking Blue,1,false
The Shockwave!,1,false
The Siddeleys,1,false
The Silicon,1,false
The Silver Bullets,1,false
The Silver Shine,1,false
The Small Faces,1,false
The Soapbox Saints,1,false
The Solid Studs,1,false
The Sonny Bradshaw Seven,1,false
The Space Rangers,1,false
The Speakeasies Swing Band,1,false
The Speakeasy Three,1,false
The Specials,1,false
The Spiratones,1,false
The Stamps,1,false
The Staple Singers,1,false
The Stylistics,1,false
The Sun Skippers,1,false
The Surf Hermits,1,false
The Surf Trio,1,false
The Surfmen,1,false
The Swallows,1,false
The Swamp Dogs,1,false
The Swampys,1,false
The Switchblade 3,1,false
The Tadmen Twins,1,false
The Tailgators,1,false
The Tarantinos Nyc,1,false
The Temptations,1,false
The Terminators,1,false
The Tikiyaki Orchestra & Maria Arranz of L'Exotighost,1,false
The Timetones,1,false
The Titans,1,false
The Tourmaliners,1,false
The Trashmen,1,false
The Treble Spankers,1,false
The Tri-Gantics,1,false
The Trillionairs,1,false
The Turnpike Cruisers,1,false
The Two Mile Pike,1,false
The Undertones,1,false
The Unnaturals,1,false
The Unseen Guest,1,false
The Veils,1,false
The Velocity Raptors,1,false
The Venus in Furs,1,false
The Volcanics,1,false
The Waifs,1,false
The Walkabouts,1,false
The Wanktones,1,false
The Wave Chargers,1,false
The Weisstronauts,1,false
The White Buffalo & The Forest Rangers,1,false
The Wolfgangs,1,false
The Woodhavens,1,false
The Young Rascals,1,false
Thee Apple Thieves,1,false
Thee Braindrops,1,false
Thelma Houston,1,false
Them,1,false
Therapy,1,false
Theresa Andersson,1,false
Theuns Jordaan,1,false
Thomas Ashby,1,false
Thomas Schoeffler Jr,1,false
Thomas Schoeffler Jr.,1,false
Three Alley Cats,1,false
Thurston Lava Tube,1,false
Thurston Moore & Bobby Gillespie,1,false
Tiger Shark Nilsson,1,false
Tiki Moondog,1,false
Tim Buckley,1,false
Timur Popovkin,1,false
Tin Tin,1,false
Tina Turner,1,false
Tinsley Ellis,1,false
Todd Bradley,1,false
Todd Hearon,1,false
Tom Russell,1,false
Tom Waits & Crystal Gayle,1,false
Tommy Dorsey,1,false
TomorrowMen,1,false
Tompsons Band,1,false
Torment,1,false
Town Mountain,1,false
Tre Burt,1,false
Tres Chic,1,false
Trevor Lake,1,false
Tricky Tales,1,false
Trigg & Gusset,1,false
Trini Lopez,1,false
Trouble,1,false
Troy Turner,1,false
Tsunamish,1,false
Tufano Giammarese,1,false
Turnpike Troubadours,1,false
Twang Inspectors,1,false
Ty Taylor,1,false
Tyger Lamb,1,false
Tyla J. Pallas,1,false
Tyrannosaurus Rex,1,false
U2,1,false
UB40 & Chrissie Hynde,1,false
Ukulena feat. Henry Wagons,1,false
Uncle Tupelo,1,false
Underwater Bosses,1,false
Up-Stairs,1,false
Urban Zotel,1,false
VadioRadio,1,false
Vainoras and the altar of the drill,1,false
Valentina Favara,1,false
Van Der Graaf Generator,1,false
Vangelis,1,false
VaraTones,1,false
Vashti Bunyan & Max Richter,1,false
Vespa,1,false
Vic Damone,1,false
Vic Dana,1,false
Vicky Leandros,1,false
Vince Guaraldi & Bola Sete,1,false
Vitamin String Quartet,1,false
Vittorio Impiglia,1,false
Voodoo Dolls,1,false
VOU VOU,1,false
Waldo Unit,1,false
Wally Richardson,1,false
Wanda Jackson,1,false
Watchhouse,1,false
Wayne Hancock,1,false
We the People,1,false
Weasletones,1,false
Wendell Watts,1,false
Wendy LeBeau & Her Beaus,1,false
Wes Pudsey and The Sonic Aces,1,false
Whistle Bait,1,false
Wilbur De Paris,1,false
Wilco,1,false
Wild Rooster,1,false
Will Padgett,1,false
Willie Nelson Feat. Lucinda Williams,1,false
Wilson Pickett,1,false
With or Without You,1,false
Wood Surfers,1,false
Wovenhand & Ultima Vez,1,false
WyattChristmas Five,1,false
Yo la Tengo,1,false
You Am I,1,false
Yuu Takami,1,false
Yvonne Elliman,1,false
Z. Richard Rowling,1,false
Zebra Duo,1,false
Zombies,1,false
ВІА Смерічка,1,false
Директор Азовского моря,1,false
Директор Азовського моря,1,false
Захар Май,1,false
Марiя Бурмака,1,false
Мертвий пiвень,1,false
Николая Сивч,1,false
Пікардійська Терція,1,false
Піккардійська Терція,1,false
Срібний Креш,1,false
ХоЖаЙ,1,false
